{
    "parent": "item/generated",
    "textures": {
        "layer0": "item/tropical_fish"
    },
	"overrides": [
			{ "predicate": { "custom_model_data": 1}, "model": "item/meander_roe"},
			{ "predicate": { "custom_model_data": 2}, "model": "item/fish/albacore"},
			{ "predicate": { "custom_model_data": 3}, "model": "item/fish/anchovy"},
			{ "predicate": { "custom_model_data": 4}, "model": "item/fish/angelfish"},
			{ "predicate": { "custom_model_data": 5}, "model": "item/fish/angler"},
			{ "predicate": { "custom_model_data": 6}, "model": "item/fish/armored_catfish"},
			{ "predicate": { "custom_model_data": 7}, "model": "item/fish/arrow_squid"},
			{ "predicate": { "custom_model_data": 8}, "model": "item/fish/barracuda"},
			{ "predicate": { "custom_model_data": 9}, "model": "item/fish/blobfish"},
			{ "predicate": { "custom_model_data": 10}, "model": "item/fish/bream"},
			{ "predicate": { "custom_model_data": 11}, "model": "item/fish/burbot"},
			{ "predicate": { "custom_model_data": 12}, "model": "item/fish/carp"},
			{ "predicate": { "custom_model_data": 13}, "model": "item/fish/catfish"},
			{ "predicate": { "custom_model_data": 14}, "model": "item/fish/catla"},
			{ "predicate": { "custom_model_data": 15}, "model": "item/fish/chub"},
			{ "predicate": { "custom_model_data": 16}, "model": "item/fish/clam"},
			{ "predicate": { "custom_model_data": 17}, "model": "item/fish/congo_tiger_fish"},
			{ "predicate": { "custom_model_data": 18}, "model": "item/fish/convict_cichlid"},
			{ "predicate": { "custom_model_data": 19}, "model": "item/fish/crab"},
			{ "predicate": { "custom_model_data": 20}, "model": "item/fish/crayfish"},
			{ "predicate": { "custom_model_data": 21}, "model": "item/fish/damselfish"},
			{ "predicate": { "custom_model_data": 22}, "model": "item/fish/danios"},
			{ "predicate": { "custom_model_data": 23}, "model": "item/fish/desert_sunfish"},
			{ "predicate": { "custom_model_data": 24}, "model": "item/fish/dwarf_caiman"},
			{ "predicate": { "custom_model_data": 25}, "model": "item/fish/end_dragonfish"},
			{ "predicate": { "custom_model_data": 26}, "model": "item/fish/father_sun"},
			{ "predicate": { "custom_model_data": 27}, "model": "item/fish/flier"},
			{ "predicate": { "custom_model_data": 28}, "model": "item/fish/flounder"},
			{ "predicate": { "custom_model_data": 29}, "model": "item/fish/fourhorn_sculpin"},
			{ "predicate": { "custom_model_data": 30}, "model": "item/fish/swamp_frog"},
			{ "predicate": { "custom_model_data": 31}, "model": "item/fish/frozen_boneminnow"},
			{ "predicate": { "custom_model_data": 32}, "model": "item/fish/gar"},
			{ "predicate": { "custom_model_data": 33}, "model": "item/fish/giant_moray"},
			{ "predicate": { "custom_model_data": 34}, "model": "item/fish/goldeye"},
			{ "predicate": { "custom_model_data": 35}, "model": "item/fish/goldfish"},
			{ "predicate": { "custom_model_data": 36}, "model": "item/fish/grass_pickerel"},
			{ "predicate": { "custom_model_data": 37}, "model": "item/fish/guppy"},
			{ "predicate": { "custom_model_data": 38}, "model": "item/fish/halibut"},
			{ "predicate": { "custom_model_data": 39}, "model": "item/fish/herring"},
			{ "predicate": { "custom_model_data": 40}, "model": "item/fish/illager_ghostfish"},
			{ "predicate": { "custom_model_data": 41}, "model": "item/fish/koi"},
			{ "predicate": { "custom_model_data": 42}, "model": "item/fish/largemouth_bass"},
			{ "predicate": { "custom_model_data": 43}, "model": "item/fish/leerfish"},
			{ "predicate": { "custom_model_data": 44}, "model": "item/fish/lingcod"},
			{ "predicate": { "custom_model_data": 45}, "model": "item/fish/lobster"},
			{ "predicate": { "custom_model_data": 46}, "model": "item/fish/minnow"},
			{ "predicate": { "custom_model_data": 47}, "model": "item/fish/mother_moon"},
			{ "predicate": { "custom_model_data": 48}, "model": "item/fish/mud_flounder"},
			{ "predicate": { "custom_model_data": 49}, "model": "item/fish/neon_tetra"},
			{ "predicate": { "custom_model_data": 50}, "model": "item/fish/netherwart_mossball"},
			{ "predicate": { "custom_model_data": 51}, "model": "item/fish/obster"},
			{ "predicate": { "custom_model_data": 52}, "model": "item/fish/octopus"},
			{ "predicate": { "custom_model_data": 53}, "model": "item/fish/oscar"},
			{ "predicate": { "custom_model_data": 54}, "model": "item/fish/pearl_isopod"},
			{ "predicate": { "custom_model_data": 55}, "model": "item/fish/pearlwog"},
			{ "predicate": { "custom_model_data": 56}, "model": "item/fish/perch"},
			{ "predicate": { "custom_model_data": 57}, "model": "item/fish/piglish"},
			{ "predicate": { "custom_model_data": 58}, "model": "item/fish/pike"},
			{ "predicate": { "custom_model_data": 59}, "model": "item/fish/piranha"},
			{ "predicate": { "custom_model_data": 60}, "model": "item/fish/pumpkinseed"},
			{ "predicate": { "custom_model_data": 61}, "model": "item/fish/rainbow_trout"},
			{ "predicate": { "custom_model_data": 62}, "model": "item/fish/rainbowfish"},
			{ "predicate": { "custom_model_data": 63}, "model": "item/fish/red_mullet"},
			{ "predicate": { "custom_model_data": 64}, "model": "item/fish/red_snapper"},
			{ "predicate": { "custom_model_data": 65}, "model": "item/fish/redbreast_sunfish"},
			{ "predicate": { "custom_model_data": 66}, "model": "item/fish/rockfish"},
			{ "predicate": { "custom_model_data": 67}, "model": "item/fish/rohu"},
			{ "predicate": { "custom_model_data": 68}, "model": "item/fish/sablefish"},
			{ "predicate": { "custom_model_data": 69}, "model": "item/fish/sardine"},
			{ "predicate": { "custom_model_data": 70}, "model": "item/fish/shrimp"},
			{ "predicate": { "custom_model_data": 71}, "model": "item/fish/skykoi"},
			{ "predicate": { "custom_model_data": 72}, "model": "item/fish/smallmouth_bass"},
			{ "predicate": { "custom_model_data": 73}, "model": "item/fish/sterlet"},
			{ "predicate": { "custom_model_data": 74}, "model": "item/fish/sturgeon"},
			{ "predicate": { "custom_model_data": 75}, "model": "item/fish/sunfish"},
			{ "predicate": { "custom_model_data": 76}, "model": "item/fish/swamp_darter"},
			{ "predicate": { "custom_model_data": 77}, "model": "item/fish/tancho_koi"},
			{ "predicate": { "custom_model_data": 78}, "model": "item/fish/tench"},
			{ "predicate": { "custom_model_data": 79}, "model": "item/fish/tilapia"},
			{ "predicate": { "custom_model_data": 80}, "model": "item/fish/vampire_squid"},
			{ "predicate": { "custom_model_data": 81}, "model": "item/fish/walleye"},
			{ "predicate": { "custom_model_data": 82}, "model": "item/fish/white_bullhead"},
			{ "predicate": { "custom_model_data": 83}, "model": "item/fish/whitefish"},
			{ "predicate": { "custom_model_data": 84}, "model": "item/fish/wolffish"},
			{ "predicate": { "custom_model_data": 85}, "model": "item/fish/woodskip"},
			{ "predicate": { "custom_model_data": 86}, "model": "item/fish/warm_ocean_hermit_crab"},
			{ "predicate": { "custom_model_data": 87}, "model": "item/fish/lukewarm_ocean_hermit_crab"},
			{ "predicate": { "custom_model_data": 88}, "model": "item/fish/ocean_hermit_crab"},
			{ "predicate": { "custom_model_data": 89}, "model": "item/fish/cold_ocean_hermit_crab"},
			{ "predicate": { "custom_model_data": 90}, "model": "item/fish/frozen_ocean_hermit_crab"},
			{ "predicate": { "custom_model_data": 91}, "model": "item/fish/jungle_frog"},
			{ "predicate": { "custom_model_data": 92}, "model": "item/fish/desert_frog"},
			{ "predicate": { "custom_model_data": 93}, "model": "item/fish/calamari"}
	]
}
